class,"public final class org.aviran.cookiebar2.BuildConfig","public final class org.aviran.cookiebar2.BuildConfig"
field,"public static int b04310431б0431б0431","public static int b043304330433г04330433"
field,"public static int bбб04310431б0431","public static int bггг043304330433"
field,"public static int b0431б04310431б0431","public static int b0433гг043304330433"
class,"final class org.aviran.cookiebar2.Cookie extends android.widget.LinearLayout implements android.view.View$OnTouchListener","public final class org.aviran.cookiebar2.Cookie extends android.widget.LinearLayout implements android.view.View$OnTouchListener"
field,"private android.view.animation.Animation slideOutAnimation","private android.view.animation.Animation bг0433г043304330433"
field,"private android.view.ViewGroup layoutCookie","private android.view.ViewGroup b04330433г043304330433"
field,"private android.widget.TextView tvTitle","private android.widget.TextView bгг0433043304330433"
field,"private android.widget.TextView tvMessage","private android.widget.TextView b0433г0433043304330433"
field,"private android.widget.ImageView ivIcon","private android.widget.ImageView bг04330433043304330433"
field,"private android.widget.TextView btnAction","private android.widget.TextView b041AККККК"
field,"private long duration","private long bК041AКККК"
field,"private int layoutGravity","private int b041A041AКККК"
field,"private float initialDragX","private float bКК041AККК"
field,"private float dismissOffsetThreshold","private float b041AК041AККК"
field,"private float viewWidth","private float bК041A041AККК"
field,"private boolean swipedOut","private boolean b041A041A041AККК"
field,"private int animationInTop","private int bККК041AКК"
field,"private int animationInBottom","private int b041AКК041AКК"
field,"private int animationOutTop","private int bК041AК041AКК"
field,"private int animationOutBottom","private int b041A041AК041AКК"
field,"private boolean isAutoDismissEnabled","private boolean bКК041A041AКК"
field,"private boolean isSwipeable","private boolean b041AК041A041AКК"
method,"private void initViews(int, org.aviran.cookiebar2.CookieBar$CustomViewInitializer)","private void b04290429ЩЩ04290429(int, org.aviran.cookiebar2.CookieBar$CustomViewInitializer)"
method,"private void validateLayoutIntegrity()","private void bЩЩЩ042904290429()"
method,"private void initDefaultStyle(android.content.Context)","private void bЩ0429ЩЩ04290429(android.content.Context)"
method,"private void setDefaultTextSize(android.widget.TextView, int)","private void b042904290429Щ04290429(android.widget.TextView, int)"
method,"private void createInAnim()","private void b0429042904290429Щ0429()"
method,"private void createOutAnim()","private void bЩЩЩЩ04290429()"
method,"private void removeFromParent()","private void bЩ04290429Щ04290429()"
method,"private android.animation.Animator$AnimatorListener getDestroyListener()","private android.animation.Animator$AnimatorListener b0429ЩЩЩ04290429()"
method,"private void lambda$removeFromParent$1()","private void bЩЩ0429Щ04290429()"
method,"private void lambda$setParams$0(org.aviran.cookiebar2.CookieBar$Params, android.view.View)","private void b0429Щ0429Щ04290429(org.aviran.cookiebar2.CookieBar$dddjjj, android.view.View)"
method,"static boolean access$000(org.aviran.cookiebar2.Cookie)","public static boolean bЩЩ04290429Щ0429(org.aviran.cookiebar2.Cookie)"
method,"static long access$100(org.aviran.cookiebar2.Cookie)","public static long b0429Щ04290429Щ0429(org.aviran.cookiebar2.Cookie)"
method,"static void access$200(org.aviran.cookiebar2.Cookie)","public static void bЩ042904290429Щ0429(org.aviran.cookiebar2.Cookie)"
class,"class org.aviran.cookiebar2.Cookie$1 implements android.view.animation.Animation$AnimationListener","public class org.aviran.cookiebar2.Cookie$1 implements android.view.animation.Animation$AnimationListener"
field,"final org.aviran.cookiebar2.Cookie this$0","public final org.aviran.cookiebar2.Cookie bК041A041A041AКК"
field,"public static int b0439й0439ййй","public static int b041A041A041A041AКК"
field,"public static int bй04390439ййй","public static int bКККК041AК"
field,"public static int bййй0439йй","public static int b041AККК041AК"
field,"public static int b0439йй0439йй","public static int bК041AКК041AК"
method,"public static int bйй0439ййй()","public static int bЩЩ0429ЩЩ0429()"
method,"public static int b043904390439ййй()","public static int b04290429ЩЩЩ0429()"
method,"private void lambda$onAnimationEnd$0()","private void b0429Щ0429ЩЩ0429()"
class,"class org.aviran.cookiebar2.Cookie$2 implements android.view.animation.Animation$AnimationListener","public class org.aviran.cookiebar2.Cookie$2 implements android.view.animation.Animation$AnimationListener"
field,"final org.aviran.cookiebar2.Cookie$CookieBarDismissListener val$listener","public final org.aviran.cookiebar2.Cookie$CookieBarDismissListener b041A041AКК041AК"
field,"final org.aviran.cookiebar2.Cookie this$0","public final org.aviran.cookiebar2.Cookie bКК041AК041AК"
field,"public static int bйй04390439йй","public static int b041AК041AК041AК"
field,"public static int b0439й04390439йй","public static int bК041A041AК041AК"
field,"public static int bй043904390439йй","public static int b041A041A041AК041AК"
field,"public static int b0439043904390439йй","public static int bККК041A041AК"
method,"public static int bйййй0439й()","public static int b042904290429ЩЩ0429()"
method,"public static int b0439йй04390439й()","public static int bЩ04290429ЩЩ0429()"
class,"class org.aviran.cookiebar2.Cookie$3 implements android.animation.Animator$AnimatorListener","public class org.aviran.cookiebar2.Cookie$3 implements android.animation.Animator$AnimatorListener"
field,"final org.aviran.cookiebar2.Cookie this$0","public final org.aviran.cookiebar2.Cookie b041AКК041A041AК"
field,"public static int bй0439й04390439й","public static int bК041AК041A041AК"
field,"public static int b04390439й04390439й","public static int b041A041AК041A041AК"
field,"public static int b0439й043904390439й","public static int bКК041A041A041AК"
field,"public static int bй0439043904390439й","public static int b041AК041A041A041AК"
method,"public static int bйй043904390439й()","public static int b04290429Щ0429Щ0429()"
method,"public static int b04390439043904390439й()","public static int bЩЩЩ0429Щ0429()"
method,"public static int bй0439ййй0439()","public static int bЩ0429Щ0429Щ0429()"
method,"public static int b04390439ййй0439()","public static int b0429ЩЩ0429Щ0429()"
class,"public class org.aviran.cookiebar2.CookieBar","public class org.aviran.cookiebar2.CookieBar"
field,"private org.aviran.cookiebar2.Cookie cookieView","private org.aviran.cookiebar2.Cookie bК041A041A041A041AК"
field,"private final android.app.Activity context","private final android.app.Activity b041A041A041A041A041AК"
field,"public static int bйй0439йй0439","public static int bККККК041A"
field,"public static int b0439й0439йй0439","public static int b041AКККК041A"
field,"public static int bй04390439йй0439","public static int bК041AККК041A"
field,"public static int b043904390439йй0439","public static int b041A041AККК041A"
method,"private void invokeRootDetectionGuard()","private void bД0414Д0414ДД()"
method,"public static int bййй0439й0439()","public static int b04140414ДДДД()"
method,"public static int b0439йй0439й0439()","public static int b0414ДДДДД()"
method,"private void invokeHookDetectionGuard()","private void bДДД0414ДД()"
method,"private void invokeDynamicInstrumentationDetectionGuard()","private void bД04140414ДДД()"
method,"private void invokeEmulatorDetectionGuard()","private void b041404140414ДДД()"
method,"public static int bйй04390439й0439()","public static int bД0414ДДДД()"
method,"private void invokeDebuggerDetectionGuard()","private void b0414Д0414ДДД()"
method,"private void invokeResourceVerificationGuard()","private void b0414ДД0414ДД()"
method,"private void show()","private void b0414Д04140414ДД()"
method,"private void dismiss()","private void bДД0414ДДД()"
method,"private void removeFromParent(android.view.ViewGroup)","private void bДД04140414ДД(android.view.ViewGroup)"
method,"private void addCookie(android.view.ViewGroup, org.aviran.cookiebar2.Cookie)","private void bЩ04290429042904290429(android.view.ViewGroup, org.aviran.cookiebar2.Cookie)"
method,"private static void lambda$addCookie$0(android.view.ViewGroup, org.aviran.cookiebar2.Cookie)","private static void b04140414Д0414ДД(android.view.ViewGroup, org.aviran.cookiebar2.Cookie)"
method,"static void access$100(org.aviran.cookiebar2.CookieBar)","public static void b0429Щ0429042904290429(org.aviran.cookiebar2.CookieBar)"
class,"public class org.aviran.cookiebar2.CookieBar$Builder","public class org.aviran.cookiebar2.CookieBar$Builder"
field,"private final org.aviran.cookiebar2.CookieBar$Params params","private final org.aviran.cookiebar2.CookieBar$dddjjj bКК041AКК041A"
field,"private final android.app.Activity context","private final android.app.Activity b041AК041AКК041A"
field,"public static int b0439й0439й04390439","public static int bК041A041AКК041A"
field,"public static int bй04390439й04390439","public static int b041A041A041AКК041A"
field,"public static int b043904390439й04390439","public static int bККК041AК041A"
field,"public static int bййй043904390439","public static int b041AКК041AК041A"
method,"public static int b0439йй043904390439()","public static int bЩ0429Щ042904290429()"
method,"public static int bй0439й043904390439()","public static int bЩЩ0429042904290429()"
method,"public static int b0439й0439043904390439()","public static int b0429ЩЩ042904290429()"
method,"public static int bй04390439043904390439()","public static int b04290429Щ042904290429()"
class,"final class org.aviran.cookiebar2.CookieBar$Params","public final class org.aviran.cookiebar2.CookieBar$dddjjj"
class,"public class org.aviran.cookiebar2.TamperAction","public class org.aviran.cookiebar2.jjjdjj"
field,"public static int b04240424Ф0424ФФ","public static int bК041AК041AК041A"
field,"public static int bФФ04240424ФФ","public static int b041A041AК041AК041A"
field,"public static int b0424Ф04240424ФФ","public static int bКК041A041AК041A"
field,"public static int b0424ФФФ0424Ф","public static int b041AК041A041AК041A"
method,"public static void tamperDynamicInstrumentationDetectionGuard()","public static void b04140414Д04140414Д()"
method,"public static int bФ042404240424ФФ()","public static int b0414041404140414ДД()"
method,"public static int b0424042404240424ФФ()","public static int bД041404140414ДД()"
method,"public static int bФФФФ0424Ф()","public static int b0414ДДД0414Д()"
method,"public static void nonTamperDynamicInstrumentationDetectionGuard()","public static void bДД0414Д0414Д()"
method,"public static void tamperRootDetectionGuard()","public static void b04140414041404140414Д()"
method,"public static void nonTamperRootDetectionGuard()","public static void bДДД04140414Д()"
method,"public static void tamperHookDetectionGuard()","public static void b0414Д041404140414Д()"
method,"public static void nonTamperHookDetectionGuard()","public static void bД04140414Д0414Д()"
method,"public static void tamperEmulatorDetectionGuard()","public static void bДД041404140414Д()"
method,"public static int bФ0424ФФ0424Ф()","public static int bДДДД0414Д()"
method,"public static void nonTamperEmulatorDetectionGuard()","public static void b0414Д0414Д0414Д()"
method,"public static void tamperDebuggerDetectionGuard()","public static void bД0414Д04140414Д()"
method,"public static void nonTamperDebuggerDetectionGuard()","public static void b04140414ДД0414Д()"
method,"public static void tamperChecksumGuard()","public static void b0414ДД04140414Д()"
method,"public static void nonTamperChecksumGuard()","public static void bД0414ДД0414Д()"
method,"public static void tamperResourceVerificationGuard()","public static void bД0414041404140414Д()"
method,"public static void nonTamperResourceVerificationGuard()","public static void b041404140414Д0414Д()"
class,"class org.aviran.cookiebar2.ThemeResolver","public class org.aviran.cookiebar2.djjdjj"
field,"public static int b04240424ФФ0424Ф","public static int bК041A041A041AК041A"
field,"public static int bФФ0424Ф0424Ф","public static int b041A041A041A041AК041A"
field,"public static int b0424Ф0424Ф0424Ф","public static int bКККК041A041A"
field,"public static int bФ04240424Ф0424Ф","public static int b041AККК041A041A"
method,"public static int b042404240424Ф0424Ф()","public static int bДДДДД0414()"
class,"public class org.aviran.cookiebar2.Tools","public class org.aviran.cookiebar2.Tools"
field,"private static android.content.Context sContext","private static android.content.Context bК041AКК041A041A"
field,"public static int bФ0424Ф04240424Ф","public static int b041A041AКК041A041A"
field,"public static int b04240424Ф04240424Ф","public static int bКК041AК041A041A"
field,"public static int bФФ042404240424Ф","public static int b041AК041AК041A041A"
field,"public static int bФ0424042404240424Ф","public static int bК041A041AК041A041A"
method,"public static int b0424Ф042404240424Ф()","public static int bД0414ДДД0414()"
method,"public static int b04240424042404240424Ф()","public static int b0414ДДДД0414()"
method,"public static int bФФФФФ0424()","public static int b04140414ДДД0414()"
